{"name":"DROCON - MR Drone Simulator","short_name":"DROCON","description":"Mixed Reality Drone Simulator for Quest 3 / Quest Pro","start_url":"/drone-copter/","display":"standalone","background_color":"#000000","theme_color":"#00c8ff","lang":"en","scope":"/drone-copter/","orientation":"any","icons":[{"src":"/drone-copter/icons/icon-192.png","sizes":"192x192","type":"image/png","purpose":"any"},{"src":"/drone-copter/icons/icon-512.png","sizes":"512x512","type":"image/png","purpose":"any"},{"src":"/drone-copter/icons/icon-192-maskable.png","sizes":"192x192","type":"image/png","purpose":"maskable"},{"src":"/drone-copter/icons/icon-512-maskable.png","sizes":"512x512","type":"image/png","purpose":"maskable"}]}